annees,Produit intérieur brut (PIB),Importations de biens et de services,Dépense de consommation finale,ménages,administrations publiques,Formation brute de capital fixe,sociétés et entreprises individuelles non financières,V8,ménages hors entrepreneurs individuels,Exportations de biens et de services,Demande intérieure hors stocks
1950,8.571,4.091,6.716,6.688,6.921,4.575,2.651,5.92,10.118,20.363,6.285
1951,5.656,18.897,6.96,7.149,6.194,9.138,6.22,-0.487,31.392,11.675,7.39
1952,3.132,3.013,4.938,4.416,6.686,1.134,-7.899,20.152,15.043,-2.883,4.193
1953,3.366,-0.052,4.554,4.896,3.469,4.67,2.655,9.437,5.922,-1.67,4.58
1954,5.703,4.18,3.05,3.99,0.094,9.309,3.795,13.095,19.897,8.262,4.357
1955,5.377,6.706,4.881,5.388,3.24,10.817,8.841,11.02,15.168,4.75,6.145
1956,5.048,18.76,7.029,7.034,7.041,7.881,10.392,11.808,0.569,-1.128,7.214
1957,5.619,8.466,4.356,4.855,2.75,9.869,10.68,9.825,8.479,8.628,5.578
1958,2.778,-4.024,0.037,0.307,-0.858,5.108,4.829,2.958,6.506,2.092,1.234
1959,2.77,0.183,2.085,2.261,1.523,4.655,4.125,12.006,0.009,12.362,2.695
1960,7.954,14.007,4.323,4.891,2.368,6.658,8.256,5.745,3.853,17.424,4.877
1961,4.946,7.306,5.684,5.741,6.24,11.567,11.896,11.278,11.159,5.425,7.099
1962,6.856,6.979,7.155,7.349,6.959,6.841,6.706,12.259,2.41,1.268,7.061
1963,6.103,12.808,6.635,7.186,5.493,8.22,6.734,8.972,10.892,8.249,7.022
1964,6.583,15.386,5.507,5.377,6.145,10.323,7.968,14.229,12.079,8.237,6.724
1965,4.839,2.489,3.959,3.742,4.734,5.684,1.676,8.514,11.548,10.621,4.403
1966,5.164,11.238,4.548,4.667,4.732,7.512,8.103,2.961,10.587,6.837,5.33
1967,4.802,9.813,4.821,4.857,5.372,7.37,7.118,7.692,7.612,7.618,5.501
1968,4.544,11.78,4.381,4.479,4.414,5.536,7.122,-2.697,9.447,10.092,4.685
1969,7.094,20.113,6.378,6.488,6.122,7.612,11.035,2.25,6.092,15.097,6.699
1970,6.2,7.298,4.765,4.513,5.363,5.432,4.148,4.737,7.736,15.87,4.926
1971,5.293,7.099,5.779,5.636,6.277,6.714,8.752,1.861,6.992,9.403,6.016
1972,4.514,14.514,5.01,5.243,4.673,5.769,6.099,1.047,7.563,10.874,5.201
1973,6.195,14.963,5.735,5.459,6.61,6.789,6.265,2.621,9.324,12.15,6.011
1974,4.415,5.711,3.498,3.139,4.822,2.269,0.089,1.667,5.576,11.403,3.143
1975,-0.946,-8.861,2.988,2.217,5.483,-5.095,-7.962,5.929,-7.283,-3.124,0.733
1976,4.338,18.22,5.04,5.517,4.078,2.278,4.538,1.71,-0.422,8.386,4.312
1977,3.554,1.751,2.8,2.715,3.156,-0.691,0.975,-6.41,-0.434,7.755,1.891
1978,3.949,4.266,4.546,3.879,6.379,2.692,1.525,-0.997,7.093,6.42,4.071
1979,3.695,8.352,3.566,3.7,3.393,2.844,2.96,1.815,2.774,6.497,3.379
1980,1.676,5.269,1.953,1.457,3.137,2.894,5.939,0.311,0.492,2.789,2.189
1981,1.188,-1.174,2.482,2.405,2.85,-1.098,-1.258,2.081,-3.302,4.814,1.602
1982,2.443,3.611,3.66,3.436,4.376,-0.849,1.058,2.866,-6.507,-1.456,2.59
1983,1.262,-2.718,1.403,0.881,2.611,-3.376,-3.478,-3.348,-3.709,4.726,0.308
1984,1.609,3.114,1.143,0.764,2.156,-1.147,-0.526,0.094,-4.29,6.815,0.644
1985,1.569,4.744,2.225,2.024,2.91,1.94,3.589,5.526,-4.089,2.101,2.179
1986,2.39,6.718,3.47,3.905,2.607,4.125,5.868,3.246,0.83,-0.703,3.622
1987,2.553,8.086,3.231,3.344,2.782,5.13,6.167,4.673,3.214,2.996,3.643
1988,4.814,8.786,3.523,3.465,3.523,8.57,9.277,10.171,5.437,8.598,4.638
1989,4.405,8.109,2.735,3.263,1.432,7.213,8.309,4.592,7.94,9.89,3.773
1990,2.83,4.944,2.869,2.632,3.245,4.363,5.926,6.762,-1.466,3.568,3.226
1991,1.237,3.135,1.637,0.753,3.658,-0.513,0.228,3.113,-6.778,6.489,1.131
1992,1.516,1.75,1.764,1.08,3.346,-2.094,-2.624,1.256,-4.932,5.872,0.865
1993,-0.359,-3.379,1.36,0.192,3.513,-5.681,-7.19,-3.853,-4.655,0.295,-0.195
1994,2.384,8.767,1.327,1.677,0.399,1.383,2.214,-0.336,3.98,8.108,1.337
1995,2.305,7.039,1.355,1.749,0.212,1.343,2.254,-2.734,1.681,8.629,1.357
1996,1.397,2.297,2.176,2.018,2.259,0.321,-0.226,0.338,0.44,3.982,1.798
1997,2.527,7.775,0.975,0.829,1.378,0.219,0.893,-6.053,3.685,12.818,0.833
1998,3.453,12.16,2.589,4.139,-0.873,6.345,8.657,0.718,4.846,8.586,3.336
1999,3.399,6.706,2.939,3.536,1.487,7.604,8.734,4.276,7.732,5.011,3.881
2000,4.141,14.747,3.295,3.85,1.893,6.617,6.631,9.182,3.436,12.669,3.983
2001,1.899,2.296,2.058,2.511,0.842,2.075,3.486,0.304,0.992,2.892,2.047
2002,1.068,2.339,2.011,1.902,1.673,-0.955,-2.644,-0.178,2.648,2.071,1.358
2003,0.968,0.677,1.805,1.804,2.263,2.358,0.39,5.02,2.827,-1.368,1.903
2004,2.868,6.005,1.98,2.068,2.095,3.603,2.979,4.067,4.307,5.346,2.324
2005,1.889,6.251,2.247,2.611,1.581,2.967,2.678,3.553,4.273,4.245,2.403
2006,2.714,5.77,2.331,2.768,1.351,4.374,4.15,0.206,6.5,5.341,2.765
2007,2.53,5.473,2.476,2.7,1.783,5.462,9.255,1.786,2.704,2.849,3.134
2008,0.38,1.264,0.706,0.578,1.097,1.206,2.918,1.012,-2.881,0.586,0.813
2009,-2.825,-8.929,1.015,0.114,2.785,-9.229,-12.926,5.444,-13.154,-10.46,-1.347
2010,2,8.602,1.762,1.861,1.25,1.763,3.428,0.604,0.975,8.543,1.765
2011,2.438,5.87,0.996,0.772,1.444,2.101,4.93,-5.866,1.591,6.527,1.226
2012,0.184,0.331,0.244,-0.395,1.626,-0.251,-1.045,0.969,-1.857,2.64,0.137
2013,0.782,2.746,0.924,0.584,1.653,-0.547,-0.149,1.615,-0.511,2.602,0.605
2014,0.998,4.264,1.109,0.957,1.307,-0.396,1.345,-5.119,-2.957,2.743,0.787
2015,1.067,5.819,1.448,1.597,1.082,0.619,2.913,-4.053,-1.64,4.525,1.275
2016,0.86,3.801,1.663,1.718,1.549,2.759,3.009,0.688,2.792,2.112,1.892
2017,2.084,4.454,1.523,1.466,1.645,3.698,3.93,-1.187,5.601,4.406,1.979
2018,1.646,3.161,0.989,1.1,0.829,3.502,5.004,2.669,1.794,3.767,1.529
2019,2.027,1.936,1.479,1.694,1.03,4.11,2.806,7.909,2.705,2.078,2.057
2020,-7.441,-12.238,-5.793,-6.453,-4.271,-5.829,-5.224,-5.594,-7.128,-16.572,-5.805
2021,6.882,8.264,5.696,5.222,6.63,9.734,10.123,2.425,14.978,11.326,6.593
2022,2.717,9.047,3.113,3.186,2.677,-0.379,1.715,0.212,-3.03,9.084,2.307
2023,1.439,-0.267,0.903,0.608,1.397,0.397,2.387,5.502,-8.036,2.47,0.791
2024,1.19,-1.21,1.179,1.039,1.44,-1.079,-2.164,4.812,-5.37,2.525,0.671
